acct_num,name,address,phone,SIN,DOB
PXCG66212484637575,Kristin Sanchez MD,"31417 Gina Lodge, Bradleytown, MB P7G 4N5",1 (598) 742-6794,203 268 552,1943-04-15
XDFZ47399319158654,Robert Evans,"7156 Tracy Points Suite 587, Perezville, AB M7A1C8",609 900 6570,123 827 644,1991-10-29
TVNH52405149187504,Dr. Amy Franklin,"89141 Lopez Lodge Suite 418, Mooremouth, NT M2V3N9",409-152-0210,813 208 170,1962-10-11
WSIK91106311396186,Donald Sullivan DDS,"05620 Patton Drives, West Susan, NT J1C8S7",868.610.7617,335 441 184,1979-07-09
KTCA56850140109485,Amanda Rivers,"04050 Johnny Road, East Margaret, PE G4P7H5",337-707-2813 x982,238 840 375,1916-08-23
JBAQ16782361144059,John Bush,"764 White Springs Apt. 124, Brandonfurt, YT T6L1L9",641 411 5627,815 346 754,1924-01-23
SISI84961587433955,Thierry Hebert,"75, rue Alves, 19169 Moulin",1 (671) 051-7137,580 532 836,1981-02-03
TBAJ20314253884167,Mrs. Tracey Collins,"981 Blake Viaduct, Port Courtney, SK A9A 3E7",+1 (834) 463-5846,170 346 886,1913-07-29
QTRR43030016643496,Donna Richardson,"854 Lori Villages Apt. 622, North Amandaburgh, MB R2J8M2",356 068 3191,623 725 041,1939-10-24
HJED76191056412385,Mark Pratt,"15719 Colton Fort, Petermouth, NL A8H 5X3",106 835 1688,023 855 612,1978-08-16
IUDQ22069678815357,Philip Chapman,"583 Craig Summit Suite 417, New Aaronchester, NT N5J6M7",(345) 961-6247 x019,382 460 129,2011-07-11
TAAC54944274450150,Diane Cohen,"92, boulevard Morel, 64798 LedouxVille",1-210-341-8687,540 332 715,1973-12-17
CDIE39326969399627,Mr. Richard Herrera MD,"66183 Duffy Manor, South Eric, BC G5Y 2P2",264-066-9799,823 051 735,1961-03-17
GGXQ96615961784947,Michele Shaw,"590 Lane Drives, Lake Susan, NL C9V 5X8",790-500-3928,067 551 838,1923-04-14
LTEJ93384790637066,Crystal Camacho,"43533 Joanna Burg Apt. 031, Dianaside, QC A5B4X7",1 987 643 2231 x431,825 308 315,1968-02-03
QJGU15199846045025,Denise Hammond,"630 Gina Ports, North Robert, NT K1H5S7",(560) 922-6004,673 225 744,1971-02-17
EDRT42856525044653,de Alice Regnier,"6, rue Joseph, 05317 Huet-la-For√™t",782-176-2155 x263,126 730 241,1911-09-17
YKWB29981978484030,Teresa Hunt,"627 Andres Isle, Stephenburgh, NU K9B 7H5",129 967 7011,384 024 139,1940-05-01
PIBF31897897356585,de Victor Riviere,"chemin Guyot, 82268 Lombard",1 (722) 081-0754,653 401 778,1984-05-29
UDXE27240828693671,Emmanuel Imbert,"6, chemin de Torres, 37433 Saint Alice",+1 (270) 634-2119,834 607 186,1979-03-31
KZYA43304007028308,Jessica Andrews,"374 Scott Ports, East Ericfurt, PE X8C 6K3",412.089.5870,438 710 386,1937-03-11
GTZB18751561090354,Nicholas Saunders,"247 Joshua Ports Apt. 799, Greenshire, NB A2R 5E3",1 (320) 195-7249,455 823 864,1984-03-08
XIZL94040281781914,Tiffany Hernandez MD,"1578 Jasmine Heights Suite 588, Gavinton, AB A4J 8V8",(563) 162-6738,306 117 482,1924-12-21
LBRO56881851494609,Matthew Li,"912 Susan Overpass, Lopezbury, NS K5K6P1",+1 (764) 751-1850,446 617 086,1979-11-11
FSBS28577897962621,Tracy Dixon,"70198 Ashley Divide, New Brandonstad, NB N8R 6L4",1 (927) 587 8970 x099,706 651 445,1937-01-08
ZMKN77019320751728,Robert Greene PhD,"470 Fletcher Centers Suite 352, Lake Christineville, SK C5L1P1",(423) 724-2131,076 625 821,1927-11-18
BZFX52387922919553,Miss Molly Moore,"6098 Ford Light, Masonbury, AB M3N8M7",494-677-4977,068 722 651,1936-05-02
ZIGW09414072902822,Katrina Vasquez,"414 Dylan View, East Michelle, YT L7V 1S5",1-130-453-6406 x317,683 417 406,1931-01-04
BGDW87222409297476,Sandy Miranda,"367 Emily Common Suite 118, West Nathanburgh, MB M7P3K4",+1 (818) 429-7782,540 833 225,1997-10-15
PGCR37044498095498,Dr. Sabrina Lewis,"9075 Leach Points Apt. 260, Melindahaven, PE L7K9P9",897-522-4512,671 188 407,1943-08-14
ZFHB41898897817927,Brandi Matthews,"77667 Melissa Ferry, Jonathanmouth, NB R8C 7X1",(490) 041-3451,257 386 078,1990-12-28
JMQV76750346118474,Zachary Carlson,"41264 Garrett Cliff Apt. 584, Thomasside, NS N4H 4J3",(508) 681-5345 x766,762 302 172,2010-04-18
MYJW84337436208261,Rachel Randall,"39550 Melvin Lights, East Charles, MB A6K6V4",1-349-398-3262,711 256 644,2008-12-27
DCZF81670025464977,Alexandria Roussel,"83, chemin de Lombard, 45191 Gerard",(889) 239-0876,254 768 062,2009-01-27
TMLQ40147565532095,Mr. Timothy Marquez DDS,"831 Amanda Parks Apt. 011, North Madison, BC C8E6G8",702-468-5751,374 571 040,1948-05-26
GRZR41263080377942,Lorraine Cantu,"7321 Reed Turnpike Suite 076, New Karenport, YT M6K2A2",(265) 874-0011,627 107 162,1988-10-12
RGEG96021133730919,Jason Williams IV,"7271 Tiffany Trafficway Apt. 683, Port Gregory, MB E5T8M7",224-647-9524,852 230 689,1973-01-10
TWWO87965954322791,Craig Young,"646 Wright Summit, Port Scott, NB X4T8P5",264.014.7743,652 048 562,2006-08-07
TBGD22590615280672,Mr. Dylan Stephens,"32776 Jose Crest, West Annetteville, NB P5Y 2V7",1 (329) 969-0227,882 540 339,1999-04-01
HJLW61870218484993,Gabrielle Wagner,"37, avenue Mallet, 99045 Saint Susannenec",(114) 528-2190,526 680 251,1927-04-01
DXMN07741514275063,Megan Martinez,"4311 Brenda Highway Suite 337, New Alyssafort, AB Y3R2G5",1956980144,037 132 172,1930-12-18
BKML77357017308394,Samantha Reed MD,"63200 Jeremy Shoals Suite 770, East Nicole, NB N4G5M7",(727) 533 3586 x418,455 338 806,1935-09-03
NNXG67753872628099,Dr. Jacqueline Marquez,"044 David Hills, Danielsmouth, NS K2M 7K7",1 (776) 658 3800,271 076 648,1949-12-25
GWQP56763667507927,de Joseph Roux,"97, avenue Peltier, 28596 Valettenec",+1 (900) 309-9145,076 172 162,1991-03-19
HWQV21823713722892,Dr. Gregory Ward,"2279 Adam Rue, Jillmouth, ON V2T8P4",1 (277) 535-2223,271 043 747,1912-05-27
PEPH75283267953132,Dr. Cheryl Garcia,"097 Peter Row, Lake Elizabeth, AB B7A8J1",352.442.6398,582 605 820,1931-10-06
OOCM33770952445286,Bradley Cox,"70255 Osborne Junction, Francostad, QC G8R9K2",(992) 455-7811,042 347 765,1962-10-10
LQSB24060947991286,Janice Schwartz MD,"22494 Moreno Village, West Ashleyberg, PE L9Y4L6",(332) 602-5142,130 428 329,1969-08-07
JHWS10927634586978,Stacy Tucker,"8514 Horn Trace Apt. 626, Lake Susanberg, ON M6H1J4",1-174-939-0907,486 706 815,1987-03-17
